date,United Kingdom,United Arab Emirates,Turkey,Switzerland,Sweden,Spain,Slovenia,Portugal,Netherlands,Mexico,Lithuania,Kuwait,Ireland,Hungary,Germany,France,Finland,Denmark,Colombia,Chile,Bulgaria,Belgium,Austria,Saudi Arabia,Romania,Paraguay,Norway,Israel,Greece,Estonia,Czech Republic,Uruguay,Ukraine,Tunisia,Taiwan,South Korea,South Africa,Slovakia,Singapore,Puerto Rico,New Zealand,Malaysia,Latvia,Japan,Italy,Croatia,Canada,Brazil,Australia,Argentina,Lebanon,Jordan,China
01-01-2015,0.493812961,-0.620830357,-0.518418313,0.454150083,1.392488945,0.552996053,0.196110796,-0.16262086,1.359229257,-0.751065537,-0.461251379,-0.117217126,1.797661527,-0.222103995,0.361792443,0.796590678,0.320452382,0.92193626,-0.623295978,-0.795038118,-0.45556521,1.401031586,0.722741146,-0.535617298,-0.358258213,-0.83402421,1.634120525,0.281835507,0.295451563,-0.314553454,-0.227111592,-0.745093635,-0.865279665,-0.870204171,-0.526983228,-0.554444445,-0.829500436,0.034225058,-0.801387216,0.324884139,0.159807521,-0.858445799,-0.611360044,-0.146736889,0.013750971,-0.870204171,1.259720626,-0.533246986,0.179015625,-0.614376414,-0.870204171,-0.870204171,-0.869979256
01-02-2015,0.519804371,-0.589276217,-0.515071337,0.463796542,1.200369608,0.38776988,0.233461158,-0.129116279,1.3785026,-0.722912351,-0.428026661,-0.075899032,1.836681816,-0.187685291,0.371792924,0.604414934,0.374370116,0.952703615,-0.591518602,-0.754038679,-0.422833172,1.247944095,0.702661531,-0.501128432,-0.322955893,-0.802502175,1.367211989,0.263437396,0.326874559,-0.284106527,-0.190389987,-0.71150619,-0.834310099,-0.839302489,-0.493061425,-0.521286245,-0.79821689,0.077492973,-0.770492542,0.231666569,0.155992313,-0.830396103,-0.577429297,-0.122909879,0.041186901,-0.839302489,1.151566532,-0.500035189,0.238215894,-0.611621989,-0.839302489,-0.839302489,-0.839191836
01-03-2015,0.40366366,-0.664404328,-0.555889508,0.61701376,1.422390113,0.475962671,0.169034641,-0.202148963,1.302904749,-0.781281312,-0.503592936,-0.143950868,1.76767662,-0.235755668,0.293386854,0.700612159,1.0098809,0.876441161,-0.667004071,-0.835289157,-0.475097108,1.369565482,0.784863815,-0.574432958,-0.400712932,-0.878492002,1.978382611,0.293189366,0.250870545,-0.373553187,-0.267483764,-0.784809524,-0.911197175,-0.916091785,-0.56741097,-0.596376791,-0.874653965,0.011146233,-0.847399216,0.333851489,0.172077718,-0.900236276,-0.653777815,-0.023414158,0.008027217,-0.916091785,1.349750389,-0.574217979,0.275760276,-0.65787038,-0.916091785,-0.916091785,-0.915999422
01-04-2015,0.435871042,-0.634792656,-0.514696855,0.584164676,1.304558062,0.373337534,0.203764953,-0.168947434,1.358001432,-0.77102559,-0.475638408,-0.10543344,1.823533414,-0.199957954,0.325889061,0.827020158,0.740504836,0.906895139,-0.637402078,-0.803324516,-0.423175107,1.395895219,0.734081452,-0.543583165,-0.369450436,-0.848869907,1.421963738,0.26427067,0.276260182,-0.331829892,-0.230940028,-0.754162626,-0.882708343,-0.88747303,-0.535525415,-0.56521324,-0.845673869,0.049416413,-0.815045379,0.209322647,0.216640636,-0.876455062,-0.625604963,-0.057585434,0.042447002,-0.88747303,1.269417286,-0.541175498,0.304412384,-0.622217713,-0.88747303,-0.88747303,-0.887232928
01-05-2015,0.470934653,-0.641847661,-0.512976293,0.479713826,1.347495986,0.44763029,0.204531671,-0.18125994,1.345462917,-0.781479588,-0.483591326,-0.104830903,1.841271023,-0.200666055,0.340799098,0.624039274,0.930265809,0.903003114,-0.645047768,-0.786946499,-0.43025567,1.256787036,0.712032057,-0.549268482,-0.374487448,-0.856914577,1.623708631,0.252568792,0.264956869,-0.324067619,-0.231236694,-0.761059767,-0.891160103,-0.895953112,-0.541180944,-0.572085772,-0.853873648,0.057023264,-0.823495679,0.263681497,0.230472175,-0.881052444,-0.629256992,-0.134208294,0.037006953,-0.895953112,1.360124033,-0.546926573,0.285541253,-0.644139271,-0.895953112,-0.895953112,-0.895734213
01-06-2015,0.466123432,-0.684658685,-0.556533266,0.668330301,1.490358162,0.516848187,0.174455362,-0.221406438,1.318702719,-0.813758741,-0.528437393,-0.141176719,1.821484334,-0.241062249,0.297814806,0.734654053,1.046061348,0.861753062,-0.688434957,-0.854490294,-0.444834114,1.479463779,0.871045753,-0.591952221,-0.4161383,-0.900973543,1.978152205,0.255759317,0.217308797,-0.369022337,-0.268384249,-0.803584443,-0.935962203,-0.940718348,-0.582069443,-0.61817067,-0.898168087,0.024991375,-0.868171567,0.28396166,0.184471304,-0.927002712,-0.675431691,-0.085895284,0.000623602,-0.940718348,1.352065116,-0.590999332,0.275372444,-0.672639451,-0.940718348,-0.940718348,-0.940442729
01-07-2015,0.511374241,-0.681582753,-0.583337046,0.562535712,1.369484066,0.575951063,0.184390415,-0.214070028,1.349852082,-0.817311682,-0.524298634,-0.131387903,1.840695997,-0.234975916,0.357354282,0.88845246,0.82052488,0.859712042,-0.683973832,-0.849616179,-0.423862488,1.52611225,0.908776629,-0.587350197,-0.408001618,-0.897017944,1.607562475,0.336018143,0.217404001,-0.367661321,-0.259493296,-0.797607538,-0.933132159,-0.937886956,-0.576258902,-0.615063916,-0.894816433,0.034752043,-0.856286281,0.304861044,0.239873562,-0.922924882,-0.672764309,-0.094577764,-0.016119385,-0.937886956,1.393427117,-0.582916485,0.327666061,-0.652746867,-0.937886956,-0.937886956,-0.937624806
01-08-2015,0.542211142,-0.659920472,-0.545745456,0.541380554,1.379511142,0.30065673,0.207187493,-0.188767985,1.387779428,-0.801886619,-0.508719528,-0.104024914,1.875647838,-0.212602028,0.367463761,0.573796245,1.065111002,0.882282257,-0.662104389,-0.827078244,-0.391132924,1.276230889,0.685888506,-0.56413394,-0.38453276,-0.874858695,1.705857273,0.308274541,0.234701627,-0.347326897,-0.231569733,-0.773024436,-0.912525534,-0.91736305,-0.550637116,-0.591102392,-0.873876809,0.064396894,-0.835294614,0.30740146,0.206391053,-0.904872633,-0.634588795,-0.057878517,-0.011471715,-0.91736305,1.385373562,-0.557412398,0.277385537,-0.650718476,-0.91736305,-0.91736305,-0.917120914
01-09-2015,0.538013612,-0.684974843,-0.587429971,0.595617764,1.485771199,0.477947099,0.189715367,-0.204714932,1.359385197,-0.832895334,-0.534665668,-0.12174773,1.87849315,-0.236603143,0.342065822,0.736174383,1.083301117,0.894183435,-0.687901341,-0.852138962,-0.39410978,1.407972567,0.824546938,-0.588132449,-0.413419745,-0.900948247,1.749071237,0.252319871,0.214694891,-0.373806134,-0.255301619,-0.792652218,-0.939639567,-0.944486524,-0.572781402,-0.613357618,-0.90043038,0.046023581,-0.862381297,0.285736254,0.214990418,-0.9286622,-0.650513441,-0.138510102,-0.007070163,-0.944486524,1.408675745,-0.580669129,0.283147664,-0.668105312,-0.944486524,-0.944486524,-0.944284585
01-10-2015,0.528411331,-0.682562093,-0.550413676,0.545797679,1.486392621,0.456477514,0.200826975,-0.19589488,1.382233792,-0.824599423,-0.53308266,-0.108304812,1.910968619,-0.232954872,0.319054115,0.75820772,0.777677723,0.912237489,-0.685368305,-0.882620216,-0.391600151,1.488006382,0.841275184,-0.583977612,-0.429842295,-0.898930634,1.677944071,0.307407679,0.216262719,-0.372584308,-0.232014042,-0.785626259,-0.93883435,-0.943469339,-0.572577326,-0.608368334,-0.898750852,0.056980376,-0.872455483,0.272475563,0.217468673,-0.923721806,-0.632721077,-0.090072597,-0.007513083,-0.943469339,1.451407403,-0.575798625,0.319641094,-0.672666096,-0.943469339,-0.943469339,-0.943298856
01-11-2015,0.544459679,-0.67442695,-0.536529852,0.551114727,1.394320664,0.399376548,0.214392546,-0.182269608,1.407818631,-0.81557175,-0.527226533,-0.089313508,1.950785842,-0.225059931,0.368156598,0.683985487,0.85718742,0.934021834,-0.677354265,-0.847284545,-0.382948038,1.331039555,0.740744682,-0.574823635,-0.421296564,-0.891093037,1.743372233,0.34154966,0.226825987,-0.36494485,-0.221673867,-0.776393198,-0.932333424,-0.937012245,-0.56057039,-0.599017691,-0.892053799,0.069498521,-0.866089489,0.149092239,0.256854069,-0.919802919,-0.625587441,-0.141703752,-0.01484961,-0.937012245,1.46835859,-0.56825167,0.316234297,-0.683891081,-0.937012245,-0.937012245,-0.936828412
01-12-2015,0.472775916,-0.744714957,-0.586245611,0.610689702,1.491975251,0.373490174,0.150677364,-0.245879407,1.352141534,-0.887034841,-0.585303622,-0.149860512,1.923359929,-0.294553849,0.337418306,0.712690257,2.159644818,0.879448029,-0.748006597,-0.917470477,-0.434596768,1.538393697,0.835633154,-0.644330524,-0.490348107,-0.961757154,1.826226525,0.266257147,0.15576858,-0.40506557,-0.283958839,-0.84556996,-1.004132881,-1.008799113,-0.628668487,-0.66800358,-0.963015546,0.016461997,-0.937955193,0.225482938,0.368377232,-0.994840105,-0.691054788,-0.060505734,-0.077652849,-1.008799113,1.541402829,-0.639524763,0.402430347,-0.742064638,-1.008799113,-1.008799113,-1.008630368
01-01-2016,0.580184012,-0.61026242,-0.485784705,0.632759047,1.506085969,0.524257496,0.285289953,-0.100702404,1.484025792,-0.775261776,-0.436506284,-0.011709467,2.060738092,-0.158382577,0.43722826,0.838388457,0.407191066,0.984479333,-0.614501509,-0.780534974,-0.27433259,1.381984542,0.775275031,-0.507614296,-0.343823077,-0.825782317,1.589606767,0.401068853,0.289006971,-0.271189511,-0.147672187,-0.708365524,-0.868801694,-0.822967072,-0.491488587,-0.543749846,-0.825960266,0.166483976,-0.792045812,0.182308442,0.239058675,-0.858557637,-0.548163257,-0.137381567,-0.028846976,-0.874210604,1.481449208,-0.503400651,0.282015931,-0.616099129,-0.714819117,-0.850166686,-0.874011958
01-02-2016,0.568350404,-0.629012759,-0.48043581,0.496303398,1.438961018,0.431436832,0.27515469,-0.109893212,1.470742155,-0.780673356,-0.447751924,-0.026307329,2.05392948,-0.171201344,0.406924476,0.763382701,0.479373149,0.973004261,-0.635240912,-0.799102418,-0.283208241,1.355931603,0.792699868,-0.524915416,-0.359586106,-0.84695264,2.299656573,0.361773955,0.285504031,-0.306571084,-0.162460211,-0.725514925,-0.888723809,-0.842547584,-0.508479156,-0.562339125,-0.845607522,0.167433926,-0.812042556,0.298583633,0.306296503,-0.878534858,-0.56285848,-0.126058547,-0.03775249,-0.894266913,1.481944409,-0.524249228,0.321240181,-0.640784324,-0.745933628,-0.869770301,-0.89411795
01-03-2016,0.538583525,-0.651195364,-0.488161774,0.723730618,1.543227057,0.50390078,0.260961384,-0.122599697,1.429128762,-0.798820485,-0.472294128,-0.043726068,2.039741883,-0.187870311,0.361793938,0.856282696,1.06327089,0.959568344,-0.659654623,-0.819288279,-0.28564423,1.474781416,0.769243057,-0.544680605,-0.37548232,-0.870890994,1.669862449,0.351581557,0.267997411,-0.323875384,-0.177596493,-0.745945073,-0.912100521,-0.865636566,-0.52835206,-0.583248184,-0.868573181,0.155368173,-0.835383229,0.324694295,0.36683739,-0.902043076,-0.58271382,-0.081586758,-0.012237538,-0.917740731,1.552935663,-0.544597039,0.27856452,-0.647068812,-0.751350067,-0.8919218,-0.917517328
01-04-2016,0.565817909,-0.648154098,-0.501595482,0.60192801,1.541724021,0.47478014,0.269688894,-0.109881835,1.431540661,-0.803136293,-0.469839311,-0.032959906,2.0571402,-0.179302173,0.412871098,0.814452988,0.823542548,0.96781524,-0.659310743,-0.813450555,-0.282657498,1.427795184,0.826186017,-0.540168333,-0.372708126,-0.868529126,1.727744163,0.35954474,0.273376203,-0.314345187,-0.170935173,-0.743544891,-0.910815274,-0.863960189,-0.527924316,-0.579512048,-0.866781726,0.172313453,-0.824775006,0.235883735,0.336512826,-0.898334854,-0.57730152,0.021402217,-0.013031579,-0.91644919,1.524448342,-0.54118616,0.448851962,-0.650214291,-0.744797045,-0.889978297,-0.916229517
01-05-2016,0.545438304,-0.662081339,-0.512364469,0.70054338,1.608769689,0.470905228,0.254612833,-0.115767212,1.422268279,-0.817521394,-0.488187812,-0.041170614,2.05868022,-0.189686935,0.404843226,0.851240583,0.975553071,0.957084001,-0.677608249,-0.829451274,-0.298798893,1.484099072,0.819398221,-0.553774466,-0.385753779,-0.884971216,1.861037419,0.349422799,0.257187626,-0.319180116,-0.19663744,-0.761076231,-0.928220773,-0.88099913,-0.542122258,-0.594648777,-0.883922121,0.169045876,-0.842444777,0.257107313,0.371388816,-0.91577902,-0.578781874,-0.104824658,-0.031232572,-0.9339718,1.630766204,-0.55516748,0.392611649,-0.653953346,-0.755276486,-0.906858142,-0.933740952
01-06-2016,0.479190204,-0.677335917,-0.494822329,0.694103575,1.679047751,0.573672973,0.243501186,-0.11975214,1.411275698,-0.835596949,-0.505582182,-0.051487653,2.077103812,-0.190931779,0.410493406,0.83757768,1.184165006,0.947037586,-0.695630998,-0.850754931,-0.30439631,1.502428751,0.906654887,-0.567194479,-0.401174846,-0.900769905,1.981714267,0.354368242,0.240478674,-0.337746348,-0.209109111,-0.774370783,-0.944600545,-0.897870201,-0.556396375,-0.610011118,-0.900648259,0.166625815,-0.85974378,0.310544762,0.317382588,-0.932816507,-0.596374233,-0.106019663,-0.064827654,-0.951113131,1.630054919,-0.566912384,0.334654963,-0.695041843,-0.759657113,-0.923616266,-0.950884141
01-07-2016,0.45697328,-0.643494374,-0.528044967,0.606416636,1.454981353,0.524408155,0.282092074,-0.073877893,1.446785856,-0.803737433,-0.475912569,-0.01263411,2.136892785,-0.151907893,0.453958423,0.879312964,0.925561985,0.990820317,-0.663985693,-0.816825044,-0.261830363,1.423282595,0.862705154,-0.529578229,-0.359827804,-0.867381194,1.479766388,0.390911114,0.272593938,-0.302157232,-0.172187418,-0.740032974,-0.911336321,-0.864891194,-0.52226694,-0.575290897,-0.86785234,0.214591231,-0.836003383,0.245417804,0.344908318,-0.902495498,-0.552942752,-0.056598622,-0.068423565,-0.918783097,1.555372543,-0.533121712,0.353722641,-0.659918956,-0.736508275,-0.891872794,-0.918537119
01-08-2016,0.444241868,-0.680547063,-0.520569929,0.682050588,1.656112627,0.391518477,0.246554568,-0.099384827,1.404985495,-0.835021448,-0.51599955,-0.045474471,2.12457663,-0.184274462,0.441654517,0.800303188,1.231597622,0.962754746,-0.703380815,-0.857826233,-0.294733346,1.38623291,0.774965792,-0.565978675,-0.394929642,-0.905046015,2.035892477,0.369586807,0.233304915,-0.333262484,-0.208963854,-0.775413015,-0.949944338,-0.903251225,-0.55648266,-0.611706294,-0.910799587,0.18513922,-0.874094071,0.411451282,0.423529174,-0.93858379,-0.586318083,-0.059680928,-0.108685051,-0.957422134,1.691275688,-0.565393498,0.418022352,-0.670772388,-0.772387527,-0.929668776,-0.957176902
01-09-2016,0.514994112,-0.672610539,-0.527354143,0.649214653,1.580481353,0.481726889,0.257749755,-0.079990062,1.413056979,-0.830920748,-0.508607855,-0.031495896,2.165622407,-0.17111725,0.451949831,0.826847297,1.194604558,0.980492474,-0.698493245,-0.853744475,-0.29258214,1.500027326,0.863386239,-0.553416283,-0.387706903,-0.897937075,1.858409137,0.399187786,0.238676102,-0.323124271,-0.20221993,-0.765557105,-0.944266656,-0.897268737,-0.548171009,-0.60340504,-0.905143919,0.204238545,-0.868750471,0.26441158,0.326014858,-0.937269753,-0.569890259,-0.057490362,-0.069622238,-0.951808739,1.583299863,-0.555065423,0.307626632,-0.676121928,-0.757236599,-0.923786626,-0.951651437
01-10-2016,0.566250446,-0.671531999,-0.490844491,0.689215877,1.669464628,0.472558106,0.262350658,-0.067684238,1.414325567,-0.845700642,-0.5095467,-0.024209872,2.20366026,-0.156989491,0.444628123,0.794359837,0.926321581,0.991782471,-0.700598967,-0.851355759,-0.283078394,1.465000159,0.829816101,-0.55321302,-0.382953281,-0.898405564,1.829266586,0.416931608,0.236495383,-0.318452772,-0.20858351,-0.764131967,-0.945477849,-0.898102072,-0.550697221,-0.602412988,-0.90169837,0.216813904,-0.871648751,0.267866207,0.312824002,-0.938975321,-0.569801105,-0.097007187,-0.072529028,-0.953011166,1.644631849,-0.554138313,0.362486491,-0.665968359,-0.744798476,-0.923670822,-0.952843315
01-11-2016,0.539898,-0.685927609,-0.480973242,0.71360505,1.727463224,0.512809204,0.249891217,-0.069786933,1.413636762,-0.824187828,-0.525655271,-0.030282403,2.223803568,-0.172544211,0.45279946,0.830910981,1.094989713,0.987733704,-0.71675332,-0.866198091,-0.309982598,1.483865957,0.79782499,-0.568348098,-0.39669022,-0.912150611,1.900333289,0.421336296,0.21970618,-0.334834278,-0.233496601,-0.77379042,-0.961071534,-0.913191255,-0.563034571,-0.615606261,-0.91690553,0.211566799,-0.887451027,0.224591368,0.409079664,-0.949558818,-0.582216234,-0.122983879,-0.0964923,-0.968634746,1.669606824,-0.566794426,0.33679198,-0.67654268,-0.76127844,-0.93905426,-0.96846128
01-12-2016,0.512935958,-0.714513062,-0.532843679,0.804548423,1.724001185,0.393700792,0.224700196,-0.089235244,1.402379857,-0.886556075,-0.555822043,-0.050981045,2.234091417,-0.196740594,0.450221543,0.687743674,2.169957227,0.968208898,-0.748001774,-0.896096035,-0.331881844,1.519974209,0.654457557,-0.598429479,-0.423788889,-0.941308497,1.927320286,0.41023978,0.188041665,-0.360181998,-0.258926075,-0.801654729,-0.991625727,-0.943466625,-0.589434897,-0.644603467,-0.947073397,0.189548414,-0.918065798,0.211711322,0.519380514,-0.98124107,-0.612160557,-0.048453624,-0.178612632,-0.999219735,1.688047354,-0.595529234,0.433366573,-0.715434081,-0.793560065,-0.969302026,-0.99905258
01-01-2017,0.606556669,-0.663054446,-0.479860543,0.611028774,1.777739428,0.460703759,0.280167382,-0.031143872,1.46848194,-0.856344453,-0.497141098,-7.10516E-05,2.306358662,-0.139060714,0.511644128,0.95745844,0.192099482,1.154481959,-0.692504773,-0.840581793,-0.259412958,1.556326336,0.827945303,-0.544624922,-0.398007047,-0.884971982,1.723743169,0.476732747,0.245884639,-0.313452773,-0.205086928,-0.729782402,-0.937761612,-0.889977571,-0.537356472,-0.586772996,-0.887953428,0.248226072,-0.864651132,0.242875148,0.311837909,-0.931835889,-0.553724045,-0.145894186,-0.173471648,-0.945775286,1.564643736,-0.538453423,0.328110989,-0.671782031,-0.737742964,-0.914980801,-0.945586718
01-02-2017,0.645503286,-0.633871623,-0.464030615,0.551239238,1.593369197,0.436465906,0.302229244,0.000277132,1.508995787,-0.828174758,-0.464810495,0.035502859,2.351901246,-0.107484619,0.499593115,0.751250991,0.251176966,1.195826997,-0.665485225,-0.813702579,-0.372071081,1.418531606,0.672661309,-0.517001355,-0.366972151,-0.857188637,1.670378273,0.515645224,0.276914736,-0.283115253,-0.175697519,-0.69975497,-0.91055074,-0.86278045,-0.507155846,-0.555567867,-0.860828518,0.282931773,-0.837739934,0.184498433,0.317025076,-0.903009376,-0.52391322,-0.124278022,-0.136206193,-0.918916646,1.405909096,-0.509332158,0.291756531,-0.663187211,-0.709183288,-0.887783917,-0.918706403
01-03-2017,0.612523587,-0.70239418,-0.5169796,0.764793322,1.820720051,0.497302535,0.228975759,-0.067189385,1.429011021,-0.896747452,-0.530299451,-0.030245368,2.285151366,-0.174276515,0.446554928,0.90182026,0.817196743,1.14087864,-0.736415492,-0.8846491,-0.376600582,1.585514512,0.788284007,-0.587332981,-0.436195497,-0.927700379,2.222233104,0.458298251,0.211063959,-0.344708969,-0.248728854,-0.775413167,-0.981279457,-0.933280616,-0.576028667,-0.622420383,-0.931011394,0.217145212,-0.908767543,0.279168543,0.445681647,-0.976060095,-0.591873482,-0.070400112,-0.178095465,-0.989916224,1.599600655,-0.57743293,0.236066525,-0.680073116,-0.777414283,-0.958308319,-0.989661794
01-04-2017,0.647777506,-0.665144883,-0.498450478,0.554630066,1.57164906,0.369286317,0.268281005,-0.025830884,1.481722248,-0.866491739,-0.493135773,0.010023279,2.352947386,-0.135939718,0.472951408,0.819657928,0.905109429,1.201958984,-0.700996428,-0.836246183,-0.367499136,1.423601363,0.824837652,-0.551208495,-0.396778043,-0.891916499,1.486226097,0.500792674,0.250983971,-0.297364619,-0.214431755,-0.732803202,-0.945868557,-0.897415003,-0.539124239,-0.582345668,-0.894966805,0.268183702,-0.872846036,0.168794052,0.426038946,-0.936473181,-0.549964887,-0.052211367,-0.159600552,-0.954516788,1.466102836,-0.539569361,0.475387355,-0.683469788,-0.742525158,-0.922036193,-0.954288635
01-05-2017,0.632964115,-0.737209156,-0.51565414,0.749749772,1.929088577,0.477646816,0.20334337,-0.095224757,1.409931798,-0.941406131,-0.549553503,-0.052839497,2.310343271,-0.199853213,0.482018935,0.943947243,1.088686566,1.1454032,-0.770348671,-0.908243546,-0.43316267,1.563389507,1.007469465,-0.616601373,-0.463005307,-0.960434027,2.430884917,0.437190032,0.186916173,-0.358212738,-0.282704983,-0.800572104,-1.015102871,-0.966216925,-0.605316712,-0.648063625,-0.963617722,0.20805711,-0.941928476,0.214842816,0.478913697,-1.006708499,-0.609234496,-0.131297124,-0.227114607,-1.023755148,1.639522838,-0.605481795,0.4152795,-0.732272589,-0.804141116,-0.990520403,-1.023546939
01-06-2017,0.659219397,-0.727480064,-0.56560522,0.66277854,1.947591265,0.537274051,0.218127998,-0.078698783,1.44356944,-0.919470215,-0.521843693,-0.039116273,2.336276417,-0.187947388,0.482480171,0.883368643,1.148411618,1.166281896,-0.761508539,-0.896730724,-0.42060706,1.62275458,0.808748906,-0.603489265,-0.450559937,-0.95224704,2.309082336,0.449694245,0.200936785,-0.347011349,-0.274196382,-0.793290841,-1.006075134,-0.956969785,-0.592199417,-0.635564637,-0.955958768,0.230028753,-0.933313315,0.21020877,0.383218771,-1.001413094,-0.589451671,-0.10242733,-0.214230426,-1.014812379,1.596989099,-0.593343251,0.332987994,-0.721342207,-0.791734685,-0.981618509,-1.014584669
01-07-2017,0.674115502,-0.71818789,-0.507823999,0.699945742,1.684276662,0.485051622,0.228850188,-0.051702479,1.464653719,-0.910480452,-0.492737003,-0.026181736,2.36490755,-0.175618538,0.535146749,0.925731062,1.137389802,1.186709798,-0.752504942,-0.886262619,-0.397656385,1.538710746,0.902095329,-0.590836179,-0.439676147,-0.941615497,1.962963445,0.462813364,0.213621749,-0.313094199,-0.263143888,-0.783163065,-0.997433727,-0.947441717,-0.581777789,-0.624228862,-0.946629555,0.252126757,-0.919672995,0.161977743,0.419720029,-0.99529289,-0.578061292,-0.132949618,-0.226654252,-1.006194798,1.571432206,-0.581923817,0.366731446,-0.699935447,-0.777772038,-0.972559474,-1.005952719
01-08-2017,0.652492042,-0.730099531,-0.555562646,0.721241222,1.960378907,0.342000967,0.209653963,-0.063794372,1.417639589,-0.928047267,-0.517745301,-0.044683186,2.365070666,-0.193038907,0.501840992,0.80958337,1.2858922,1.178753617,-0.773539356,-0.898266135,-0.403320283,1.554101155,0.907975611,-0.609077589,-0.45591216,-0.96233303,2.210735052,0.445141249,0.19488088,-0.328008633,-0.2868046,-0.80423415,-1.018171343,-0.967536214,-0.598254114,-0.641649116,-0.966628809,0.2438497,-0.940274584,0.235714977,0.460140308,-1.007029998,-0.596308362,-0.057128585,-0.270907493,-1.026922525,1.63073667,-0.601302341,0.415185997,-0.71210481,-0.791701486,-0.992911147,-1.026633585
01-09-2017,0.651954282,-0.697536833,-0.51624748,0.683383038,1.774884255,0.462644039,0.244557565,-0.024224974,1.447144985,-0.904245395,-0.466550488,-0.008397351,2.424747483,-0.158876142,0.525797081,0.848152042,1.119738871,1.221923292,-0.742456647,-0.861937938,-0.387055316,1.55040203,0.814539971,-0.575801147,-0.420773133,-0.934845658,2.112313351,0.480363145,0.233245345,-0.283267746,-0.258265221,-0.768051869,-0.987019304,-0.935822842,-0.567259007,-0.606854071,-0.935061825,0.286341773,-0.908861629,-0.283436375,0.394857105,-0.979024838,-0.563734268,-0.122272523,-0.233141975,-0.995809147,1.504539118,-0.567066613,0.320442639,-0.692618043,-0.754024455,-0.96165164,-0.995588665
01-10-2017,0.647716839,-0.734894562,-0.538367062,0.645037655,1.916208787,0.421872752,0.210382303,-0.044413047,1.432161355,-0.940589314,-0.515555956,-0.031373721,2.415049055,-0.194723249,0.475175316,0.97645363,1.133720742,1.197146823,-0.781859454,-0.901115444,-0.408991086,1.669157208,1.019620952,-0.613642863,-0.457064806,-0.973088434,2.276267487,0.445439309,0.202009863,-0.3260925,-0.297309965,-0.805883754,-1.026240918,-0.97479556,-0.604220988,-0.643113427,-0.973521079,0.259826238,-0.948212447,0.09342404,0.447159661,-1.016203302,-0.601068283,-0.136227878,-0.269196522,-1.034988277,1.608091841,-0.60332312,0.416373997,-0.725489298,-0.78690242,-1.000007132,-1.034808266
01-11-2017,0.684291991,-0.737371552,-0.541992017,0.741403546,1.896663562,0.420312014,0.208006281,-0.054522551,1.441865758,-0.937737643,-0.515717096,-0.027642656,2.441537304,-0.195455585,0.50400794,0.869851156,1.260379044,1.207525616,-0.786691729,-0.899049034,-0.411788816,1.569804959,0.951927635,-0.617113882,-0.458305606,-0.976085047,2.320007431,0.445153898,0.204259531,-0.327807965,-0.300485269,-0.808657723,-1.03076309,-0.979319138,-0.600465529,-0.643580025,-0.977107529,0.267071263,-0.952764879,0.002798486,0.532658744,-1.023219787,-0.594529649,-0.143249827,-0.291514623,-1.039545965,1.627003274,-0.604661361,0.406890465,-0.736654607,-0.784985905,-1.004851969,-1.039327806
01-12-2017,0.6825739,-0.74333963,-0.53903809,0.729567287,1.855083326,0.317924519,0.206925654,-0.048428082,1.448340445,-0.961405842,-0.514684745,-0.026448304,2.470874012,-0.194377038,0.517506755,0.793182435,1.256602079,1.214404413,-0.793124915,-0.889023551,-0.408738941,1.590105461,0.963008886,-0.622414579,-0.461588491,-0.980954259,2.243896268,0.444078275,0.205784966,-0.317264196,-0.305856486,-0.810840853,-1.036878921,-0.985286478,-0.602977501,-0.645565968,-0.982815185,0.272391181,-0.959052582,0.236723435,0.524511065,-1.028988523,-0.594451033,-0.012105745,-0.291682183,-1.045668989,1.583252394,-0.609152215,0.399272198,-0.742794246,-0.790479839,-1.010794119,-1.045456417
01-01-2018,0.728466235,-0.734121932,-0.526955721,0.669221734,2.0833705,0.42853291,0.226845406,-0.045965737,1.469953101,-0.932795953,-0.519109521,-0.006880387,2.493518697,-0.183678572,0.55353255,1.087799344,1.551390404,1.000415926,-0.781087009,-0.872259608,-0.381684866,1.625920318,1.113306258,-0.609319263,-0.44629507,-0.978154394,2.412309199,0.475574556,0.2343057,-0.481102344,-0.295829585,-0.7987804,-1.024059643,-0.972334258,-0.596719719,-0.612321646,-0.973407203,0.116200996,-0.959002596,0.119348037,0.449807982,-1.017850923,-0.579972394,-0.26406217,-0.279473993,-0.806719924,1.585608789,-0.591900091,0.386743157,-0.722010858,-0.788262841,-0.997189054,-1.032864127
01-02-2018,0.756234371,-0.672903711,-0.452716386,0.601203124,1.764796415,0.290702934,0.293384018,0.022791174,1.54430442,-0.891182784,-0.450262939,0.058917114,2.568227402,-0.114206852,0.544491728,0.816819849,0.709340643,1.31108397,-0.72138566,-0.798913844,-0.348815734,1.480300369,0.879826855,-0.547708219,-0.383599795,-0.916352386,2.081893428,0.55338683,0.294764534,-0.412695201,-0.232773893,-0.737970739,-0.963417969,-0.91239608,-0.545302562,-0.54743815,-0.915565563,0.187943815,-0.898775575,0.04952701,0.41111457,-0.956524513,-0.515858775,-0.175703227,-0.2309855,-0.745525519,1.408934471,-0.531563043,0.339187805,-0.691639328,-0.746773277,-0.937365541,-0.972854084
01-03-2018,0.731967622,-0.730796539,-0.515693336,0.717451306,1.98558868,0.424469561,0.240844447,-0.030126335,1.503108574,-0.943939899,-0.498656112,0.010321374,2.530335947,-0.154185866,0.480544186,0.920226425,1.286850341,1.552822902,-0.778685096,-0.856089324,-0.361424435,1.690926582,0.900803363,-0.603913538,-0.437628811,-0.97192471,2.236933314,0.513101864,0.238422883,-0.451503967,-0.284712631,-0.792018299,-1.020558367,-0.969464148,-0.604961293,-0.599752521,-0.970149772,0.140505002,-0.955940738,0.038213295,0.47658845,-1.014270683,-0.568399015,-0.180098196,-0.277590812,-0.800904985,1.536010022,-0.587468659,0.370917744,-0.733045889,-0.808861504,-0.994307056,-1.029881347
01-04-2018,0.732071818,-0.721953617,-0.518567878,0.642897513,1.986329127,0.376691942,0.256123941,-0.013510091,1.522223566,-0.9327492,-0.482196381,-0.056586891,2.553288581,-0.134803809,0.481148043,0.902265522,1.304861535,1.400555582,-0.771466184,-0.840188282,-0.359502104,1.49547798,1.088828498,-0.595043259,-0.426878148,-0.963285143,1.987011936,0.484596918,0.232785397,-0.435361392,-0.277889551,-0.783136758,-1.012960932,-0.961907415,-0.603806094,-0.584057235,-0.96250143,0.160802326,-0.938880719,0.099090449,0.522016424,-1.000798978,-0.564431249,-0.042250199,-0.270232489,-0.79026651,1.532630259,-0.578708723,0.400022967,-0.728883782,-0.799828583,-0.986754679,-1.022332619
01-05-2018,0.68927662,-0.722065554,-0.522320142,0.756417913,2.220301985,0.369675416,0.209428935,-0.056562273,1.483436035,-0.987596621,-0.529680665,-0.102265603,2.521091616,-0.177923084,0.466222261,0.910021118,1.265475875,1.820910117,-0.825196245,-0.891656764,-0.39266674,1.633306131,1.020674201,-0.647773863,-0.47757431,-1.015411957,2.98585147,0.435304281,0.181450342,-0.481456846,-0.343716892,-0.836133622,-1.066711439,-1.016044507,-0.659288841,-0.637156228,-1.01401846,0.115401825,-0.992729333,0.103371592,0.610910568,-1.056465919,-0.612277386,-0.141477852,-0.336034511,-0.841064489,1.643109699,-0.628852647,0.311183043,-0.769673272,-0.84955086,-1.045387749,-1.07608637
01-06-2018,0.7023426,-0.707411259,-0.531458566,0.735577121,2.102943347,0.362384327,0.22752543,-0.023119531,1.533506825,-0.970432385,-0.51087436,-0.083215825,2.550032808,-0.158175779,0.498880974,0.855952653,1.35872655,1.917797475,-0.811920082,-0.878574625,-0.382846962,1.635042117,1.071181663,-0.632180916,-0.462023041,-1.00020466,2.53415529,0.452209665,0.193673916,-0.464967289,-0.327981428,-0.821498589,-1.053583196,-1.002800603,-0.650071435,-0.618164684,-1.002123827,0.138511629,-0.979613045,0.013651513,0.448928777,-1.043646846,-0.577989697,-0.199540444,-0.328031127,-0.824804378,1.561813715,-0.613008281,0.454032795,-0.758025883,-0.835095505,-1.032445622,-1.063041322
01-07-2018,0.723808178,-0.708265871,-0.521284097,0.683441476,2.069875993,0.438105763,0.230762868,-0.006328522,1.572784746,-0.974986181,-0.509501882,-0.077238348,2.563224746,-0.151305862,0.52715486,1.07550452,1.261168585,1.528655253,-0.813742685,-0.870383525,-0.373323149,1.671389504,1.108731659,-0.634273915,-0.461472903,-1.000345094,2.281720071,0.453226592,0.216330929,-0.468777439,-0.325788401,-0.822814981,-1.055929243,-1.00486576,-0.663891126,-0.614502808,-1.003060613,0.145483172,-0.988972999,0.119550236,0.517313375,-1.0483184,-0.580554704,-0.140901646,-0.351279512,-0.824489085,1.657463901,-0.613073353,0.4517627,-0.757433438,-0.829894203,-1.035280236,-1.065179145
01-08-2018,0.712923488,-0.730118432,-0.544560687,0.772952893,2.274403838,0.354610767,0.210147044,-0.007223364,1.571609042,-1.006724597,-0.525877212,-0.093885286,2.549660594,-0.167397038,0.525813299,0.818411456,1.391404987,1.947775131,-0.836859828,-0.890516562,-0.39042351,1.663925115,0.965802643,-0.656274556,-0.482381328,-1.021764377,2.560535323,0.424563367,0.204341736,-0.490830903,-0.34479207,-0.843588426,-1.077855941,-1.027834251,-0.69061568,-0.632287748,-1.028107103,0.129701414,-1.012327461,0.195733595,0.560150965,-1.070052195,-0.620994437,-0.143430196,-0.391955533,-0.845144878,1.688199913,-0.632195287,0.456124788,-0.777370895,-0.849100073,-1.057906084,-1.088395458
01-09-2018,0.747145789,-0.689353421,-0.472344319,0.702097649,1.996700293,0.395384646,0.254875002,0.056852819,1.632633693,-0.959703122,-0.482287122,-0.046181605,2.60796157,-0.1190684,0.537206217,0.78972266,1.142547097,1.525615388,-0.796370752,-0.845531433,-0.37231071,1.61419144,0.966754283,-0.605147928,-0.439537777,-0.981171755,2.467184531,0.455997434,0.252773557,-0.451300948,-0.302770169,-0.800067539,-1.037808826,-0.987623896,-0.652954425,-0.588438436,-0.987966189,0.173556514,-0.972197489,0.099981646,0.473906826,-1.03369302,-0.57757194,-0.203513177,-0.356033236,-0.801870445,1.527909655,-0.592488766,0.342516155,-0.738040615,-0.804210185,-1.017611738,-1.048345482
01-10-2018,0.682995453,-0.758632786,-0.533202079,0.816508547,2.3216423,0.346451911,0.191343858,0.027218109,1.566733288,-1.024026607,-0.552275412,-0.107490849,2.555101892,-0.182174059,0.48175492,1.034590889,1.528046033,1.654127636,-0.865374328,-0.90953982,-0.404022818,1.782144152,1.263258787,-0.669068582,-0.506845253,-1.047475753,2.714975825,0.383511709,0.193656831,-0.515766534,-0.36705651,-0.866184872,-1.1063367,-1.056113134,-0.727531277,-0.652712533,-1.057537942,0.113692976,-1.038694845,0.281130969,0.607855442,-1.101201154,-0.636854333,-0.167367619,-0.428334616,-0.870179549,1.676201429,-0.659008308,0.468500577,-0.808336705,-0.868340922,-1.086363534,-1.117394099
01-11-2018,0.67977868,-0.75481666,-0.523290286,0.740796782,2.249856763,0.385145868,0.200503481,0.042920304,1.59446175,-1.020887772,-0.573201727,-0.094792603,2.576858972,-0.173166315,0.55383356,0.88103488,1.242723243,2.485328598,-0.862036865,-0.903805179,-0.388601336,1.676838248,1.161250358,-0.663496132,-0.502004209,-1.042275059,2.611724472,0.383954795,0.199899514,-0.519177497,-0.367250497,-0.860689251,-1.102853855,-1.051551431,-0.71971487,-0.644642718,-1.05153867,0.119662541,-1.035682285,0.17275764,0.527821371,-1.098822228,-0.628793834,-0.194667461,-0.453828282,-0.863869966,1.699848846,-0.65332763,0.42062871,-0.801710863,-0.860027222,-1.082876958,-1.114229713
01-12-2018,0.720576316,-0.758381405,-0.543822444,0.704984474,2.105230853,0.366878833,0.199531392,0.074013541,1.614529885,-1.024796211,-0.406550728,-0.089927922,2.592122622,-0.174007979,0.55210425,0.760683455,1.760718619,2.547717438,-0.865874678,-0.907757767,-0.39634147,1.666469825,1.041289014,-0.665973411,-0.504330416,-1.046376146,2.361367249,0.385572716,0.191793499,-0.529254125,-0.366107408,-0.863242146,-1.106744044,-1.052890344,-0.723344022,-0.644031063,-1.054261634,0.112794419,-1.039596975,0.158639995,0.611139142,-1.102537591,-0.623431692,-0.146704593,-0.48943578,-0.865075981,1.561957045,-0.656686732,0.425135139,-0.802942629,-0.859384309,-1.087209599,-1.118228477
01-01-2019,0.555822606,-0.745449858,-0.543847811,0.711963624,2.598752442,0.277170812,0.212423405,0.085320516,1.666755113,-0.990438982,-0.358900378,-0.074663242,2.620271082,-0.103843061,0.541782773,1.167090396,1.393653441,1.265661749,-0.853271807,-0.886311097,-0.368963645,1.820086501,1.381086868,-0.649245438,-0.490762077,-1.039900091,2.462479343,0.408874666,0.220422861,-0.515367182,-0.348588709,-0.851032717,-1.094347897,-1.040520134,-0.723873498,-0.629228774,-1.044893207,0.094605408,-1.092540872,0.145133751,0.497277787,-1.089173344,-0.563398649,-0.272092303,-0.506322526,-0.840176293,1.636574126,-0.652506477,0.415947914,-0.788889883,-0.845264497,-1.069647588,-1.105695148
01-02-2019,0.587835351,-0.693494582,-0.476960999,0.532522135,2.12286669,0.322978314,0.267342776,0.138912653,1.751285646,-0.945583522,-0.287714922,-0.018919541,2.68639601,-0.046037956,0.546062689,0.795481811,0.798040788,1.001511325,-0.801052963,-0.832036441,-0.327998682,1.724388813,1.006260828,-0.596205148,-0.437581507,-0.985538277,2.988533394,0.472240126,0.272418613,-0.458421494,-0.29848242,-0.797523987,-1.042183402,-0.988561917,-0.652046261,-0.57559663,-0.992579034,0.15681744,-1.040201971,0.124416806,0.454112547,-1.037035149,-0.507161278,-0.247769353,-0.487246677,-0.77950056,1.427180034,-0.599499018,0.368130505,-0.734429516,-0.787850584,-1.016944176,-1.053577327
01-03-2019,0.537995053,-0.73242123,-0.508235936,0.627770151,2.305356773,0.327133207,0.231825942,0.102767334,1.746921799,-0.965297774,-0.314294164,-0.053540778,2.663024248,-0.079628611,0.512092089,0.874736472,1.0523048,1.455159825,-0.839360876,-0.868005365,-0.333650022,1.776170852,1.026425227,-0.624647642,-0.475062578,-1.022336975,2.893090842,0.448793828,0.233188318,-0.478092968,-0.339589283,-0.834200317,-1.080197322,-1.026510745,-0.684691062,-0.610747695,-1.030897014,0.122947507,-1.076881105,0.092299237,0.512935334,-1.0751197,-0.538193283,-0.224233324,-0.543189409,-0.818642112,1.613397803,-0.637382205,0.395731266,-0.770702525,-0.820122708,-1.054492595,-1.09170058
01-04-2019,0.489925525,-0.763581236,-0.529982367,0.693285295,2.402485688,0.296891856,0.205421664,0.068715205,1.751424552,-1.010107989,-0.344243041,-0.086345042,2.64497264,-0.107447671,0.480301145,1.009831657,1.988860752,0.799176797,-0.871034953,-0.904569656,-0.359673368,1.766925192,1.34813044,-0.652718852,-0.501605145,-1.052318246,3.02163755,0.435546888,0.200952827,-0.51117755,-0.381426163,-0.863167327,-1.111580168,-1.057486791,-0.712651872,-0.639405814,-1.061076644,0.102243931,-1.108188526,0.117646536,0.560375167,-1.1074644,-0.561966554,-0.128990181,-0.583554759,-0.838861525,1.551288208,-0.665435335,0.438200626,-0.804084863,-0.844869382,-1.086199869,-1.123024854
01-05-2019,0.568474165,-0.779443552,-0.540150336,0.684714015,2.690253614,0.307304413,0.191010491,0.047362427,1.772265746,-1.031058362,-0.314680261,-0.105697735,2.64175262,-0.120690848,0.53375391,1.002557812,1.384568697,0.852842751,-0.887129786,-0.916803061,-0.372401406,1.862595321,1.389610283,-0.663674292,-0.514953746,-1.066467268,3.303261473,0.44093914,0.178397121,-0.523470181,-0.406577519,-0.879308462,-1.127721103,-1.073757674,-0.729088355,-0.652936054,-1.077214941,0.096775111,-1.124122371,0.141894263,0.67822442,-1.123507768,-0.573222563,-0.26106796,-0.613088631,-0.843215419,1.710275221,-0.678757875,0.464705384,-0.82349167,-0.87863975,-1.101982634,-1.139216812
01-06-2019,0.609029168,-0.744173362,-0.504440861,0.63986186,2.509460738,0.35746371,0.232152917,0.002890122,1.829065075,-1.001142201,-0.282066537,-0.080333844,2.69153736,-0.081507185,0.544621602,0.857093229,1.263615256,0.829614063,-0.852157118,-0.879934555,-0.332024253,1.840134995,1.254737656,-0.63660863,-0.492052119,-1.029820645,3.12434674,0.500962736,0.208511087,-0.486918487,-0.378648986,-0.843272999,-1.092813849,-1.039047473,-0.692244753,-0.615013353,-1.042359758,0.140098903,-1.087165674,0.133430142,0.478634368,-1.088635583,-0.53126089,-0.288603951,-0.590120754,-0.794866629,1.571479495,-0.643690292,0.328166124,-0.789131161,-0.855598207,-1.066940495,-1.104312744
01-07-2019,0.646448046,-0.822015509,-0.564967153,0.755851511,2.641488489,0.331948725,0.180097048,-0.057945437,1.784902896,-1.041221296,-0.374286564,-0.145079334,2.634020247,-0.131110434,0.554646413,1.18053053,1.769431513,0.802499173,-0.907018215,-0.931933016,-0.368898858,1.865484622,1.489115762,-0.693395664,-0.545157903,-1.083698372,3.157212842,0.474877132,0.148028894,-0.543743481,-0.427753643,-0.896616382,-1.147862823,-1.093250532,-0.745607044,-0.668530837,-1.097830607,0.090181544,-1.14519012,0.201928335,0.675890752,-1.142888114,-0.575723422,-0.207448741,-0.657645644,-0.83522477,1.710928253,-0.696200141,0.48827928,-0.844172138,-0.910740572,-1.121337936,-1.15929731
01-08-2019,0.708840901,-0.762486483,-0.514492308,0.523846316,2.534430346,0.384401297,0.217591284,-0.018641569,1.838306794,-1.011701305,-0.374749046,-0.121953036,2.693979613,-0.091697671,0.564362243,0.827016908,1.394696766,0.952979414,-0.869934489,-0.892360216,-0.325362135,1.798399972,0.954074437,-0.660634173,-0.506731118,-1.04590712,3.377128389,0.543697957,0.178918471,-0.487908475,-0.39469795,-0.858563111,-1.110388039,-1.056546995,-0.707572069,-0.629304501,-1.061465113,0.131838266,-1.107735325,0.123488058,0.592688819,-1.106538149,-0.540666057,-0.232049163,-0.654882138,-0.795831091,1.72094315,-0.658423303,0.427568438,-0.808674308,-0.873373183,-1.084984951,-1.122943248
01-09-2019,0.763363258,-0.774902028,-0.5070241,0.698923356,2.604603719,0.38580478,0.208186052,-0.037660575,1.843081076,-1.02782732,-0.37904259,0.0357161,2.672402831,-0.130826788,0.591854275,0.919063369,1.479890441,0.809922099,-0.883649385,-0.901194465,-0.346275047,1.854124157,1.342418261,-0.675448315,-0.51672351,-1.058297643,3.144307623,0.567258346,0.159187349,-0.476416463,-0.399491622,-0.870411529,-1.122225841,-1.069226663,-0.713399248,-0.638591407,-1.074803358,0.124749439,-1.118973515,0.138225092,0.558243534,-1.119501709,-0.550694639,-0.306693094,-0.69527542,-0.804408873,1.569854704,-0.676694772,0.349860861,-0.824638581,-0.888299079,-1.096496391,-1.135926751
01-10-2019,0.743180798,-0.820197462,-0.543155702,0.718452163,3.017439275,0.3423423,0.165090821,-0.079360936,1.83465801,-1.065439479,-0.440133628,-0.047267667,2.641877297,-0.174730469,0.521810974,1.06721396,1.68872078,0.811644985,-0.929236582,-0.944394871,-0.355494606,1.867170786,1.290030723,-0.723203478,-0.558944134,-1.100528342,3.462894853,0.561957708,0.10245436,-0.497198613,-0.437117245,-0.911626523,-1.166957296,-1.114310234,-0.756302537,-0.681050759,-1.119603892,0.08651882,-1.166376371,0.317532847,0.665763462,-1.16305543,-0.595865761,-0.232151812,-0.757998703,-0.848442394,1.692357276,-0.717330724,0.476264485,-0.86951446,-0.935614719,-1.141551256,-1.1812206
01-11-2019,0.784042133,-0.782902266,-0.506081526,0.690687858,2.5036888,0.389197545,0.200300453,-0.046955313,1.891631562,-1.040970487,-0.405325395,-0.034954844,2.685300462,-0.143572744,0.57375526,0.867671226,1.169830107,1.630964649,-0.899153714,-0.913131884,-0.329898694,1.865452917,1.041273798,-0.697517095,-0.52628769,-1.069008673,3.301962922,0.63874633,0.117005874,-0.461194877,-0.410013841,-0.878174791,-1.137090836,-1.079650408,-0.724441295,-0.649884656,-1.088591732,0.126350025,-1.13526036,0.088120774,0.625689907,-1.133179369,-0.571756744,-0.297728945,-0.75135246,-0.823032566,1.72246501,-0.687672894,0.321151475,-0.838630878,-0.909111691,-1.111388161,-1.151372258
01-12-2019,0.755291016,-0.795706212,-0.519190512,0.902710153,2.596698529,0.351685684,0.176949891,-0.04577459,1.887203586,-1.04528556,-0.445238294,-0.058936115,2.087682281,-0.163854296,0.579090076,0.903476545,2.677962141,0.922730838,-0.919598974,-0.925281968,-0.335871792,1.903692054,1.098101774,-0.720237347,-0.544739959,-1.088077999,3.057748354,0.666107374,0.083932959,-0.454372373,-0.420080106,-0.895620348,-1.157647127,-1.098354353,-0.741136433,-0.668581593,-1.108976356,0.108712251,-1.154503675,0.210335536,0.653794446,-1.15369127,-0.607622101,-0.22283488,-0.795296437,-0.847467695,1.629457553,-0.706668008,0.505797568,-0.859201255,-0.953903049,-1.133457655,-1.171952277
01-01-2020,0.831510141,-0.737022208,-0.453712373,0.707868471,3.149049313,0.39030235,0.27167662,0.013157407,1.967868122,-1.016655648,-0.33639783,-0.154502699,2.732385189,-0.105957176,0.63152427,1.178362113,0.094186913,0.12705714,-0.860738215,-0.876264768,-0.256212164,2.017909585,1.207572873,-0.657620688,-0.484485557,-1.038168427,2.938119487,0.664797186,0.151426369,-0.39887653,-0.370297442,-0.83359641,-1.09960825,-1.039128886,-0.681565233,-0.608759167,-1.048454737,0.167186631,-1.096602043,0.109663965,0.707260329,-1.095566419,-0.54893222,-0.303613228,-0.736974669,-0.791898313,1.711102423,-0.643807028,0.398144267,-0.800348301,-0.895324801,-1.085229414,-1.11181032
01-02-2020,0.880824864,-0.710006555,-0.423496625,0.523297932,2.548345957,0.390588143,0.283337724,0.04040381,2.001798557,-0.96975563,-0.246280738,-0.132834765,2.792667072,-0.077883738,0.611819516,0.915943485,0.056246195,0.623716283,-0.835528757,-0.830856549,-0.234026526,1.906817402,0.993845097,-0.634042661,-0.456084542,-1.008478301,3.07171652,0.710027416,0.16037019,-0.397857243,-0.360041642,-0.805677531,-1.07129693,-1.011652434,-0.65333378,-0.597593374,-1.022240826,0.194743273,-1.067779121,0.180512395,0.561321943,-1.068152982,-0.492881434,-0.341438604,-0.720729528,-0.768139472,1.533346427,-0.61824617,0.356111013,-0.77130538,-0.866731632,-1.058011088,-1.085416656
01-03-2020,0.796210449,-0.824345197,-0.580859428,0.866441968,3.474430365,0.269340128,-0.48195997,-0.033811161,1.944523622,-1.082577328,-0.392506519,-0.248561181,2.854850661,-0.190022817,0.560299762,1.196565113,0.915434557,1.329311842,-0.947705563,-0.94217418,-0.335448741,1.963773984,1.457056718,-0.747781322,-0.56752188,-1.119281569,3.228788327,0.611764784,0.076157229,-0.486816682,-0.475695148,-0.916469557,-1.183986378,-1.177197988,-0.764902347,-0.730478293,-1.133320747,0.083386324,-1.178576896,0.197531714,1.087081414,-1.180970421,-0.584373485,-0.335105242,-0.83343079,-0.883711758,1.727906525,-0.728756838,0.676517171,-0.881644243,-0.97929055,-1.170527221,-1.197561219
01-04-2020,0.912688288,-1.106244217,-1.106244217,0.51603085,2.367680194,-1.106244217,-0.401613978,-1.106244217,2.048556634,-0.993814975,-0.265231275,-0.158927596,2.88332593,-0.096013096,0.586727275,0.816668266,0.498207743,0.491551004,-0.856690952,-0.851513942,-0.225008124,-1.106244217,0.875733812,-0.661714129,-0.473677329,-1.025567782,2.375038846,0.716409476,0.17951332,-0.383599661,-0.388338419,-0.820241111,-1.091139146,-1.032003238,-0.690579646,-0.61920633,-1.04142461,0.171180112,-1.106244217,0.280055594,0.451383822,-1.106244217,-0.532853965,-0.133881548,-1.106244217,-0.793458004,1.604865509,-0.638123588,0.256390227,-0.789303924,-0.88534121,-1.077933932,-1.104805393
01-05-2020,-0.728703872,-0.728703872,-0.728703872,-0.728703872,-0.728703872,-0.728703872,-0.728703872,-0.728703872,-0.728703872,-0.728703872,-0.728703872,-0.728703872,-0.728703872,0.283522146,-0.728703872,-0.728703872,-0.728703872,-0.728703872,-0.728703872,-0.728703872,-0.728703872,-0.728703872,-0.728703872,-0.283522146,-0.728703872,-0.728703872,-0.728703872,-0.728703872,-0.728703872,-0.728703872,-0.728703872,-0.728703872,-0.728703872,-0.728703872,-0.728703872,-0.728703872,-0.728703872,-0.728703872,-0.728703872,-0.728703872,-0.728703872,-0.728703872,-0.728703872,-0.728703872,-0.728703872,-0.728703872,-0.728703872,-0.728703872,-0.728703872,-0.728703872,-0.728703872,-0.728703872,-0.728703872
